topic_key,name,svg_path,image_path,lottie_path,narration,explanation,fact,game_type,is_free,display_order
asparagus,"{""en"":""Asparagus"",""gu"":""શતાવરી"",""hi"":""शतावरी""}",,/assets/images/vegetables/asparagus.png,,"{""en"":""Asparagus! Asparagus spears are long, green, and look like tiny spears."",""gu"":""શતાવરી! શતાવરી લાંબી, લીલી અને નાની ભાલા જેવી દેખાય છે."",""hi"":""शतावरी! शतावरी लंबी, हरी और छोटे भाले जैसी दिखती है।""}","{""en"":""Asparagus grows straight out of the ground. It is very healthy and contains lots of vitamins to help you grow strong!"",""gu"":""શતાવરી સીધી જમીનમાંથી બહાર ઊગે છે. તે ખૂબ જ સ્વસ્થ છે અને તેમાં તમને મજબૂત બનવા માટે ઘણા બધા વિટામિન્સ હોય છે!"",""hi"":""शतावरी सीधे जमीन से बाहर उगती है। यह बहुत स्वास्थ्यवर्धक है और इसमें आपको मजबूत बनाने के लिए बहुत सारे विटामिन होते हैं!""}","{""en"":""Did you know? Asparagus plants can live and produce delicious spears for up to 20 years!"",""gu"":""શું તમે જાણો છો? શતાવરીનો છોડ ૨૦ વર્ષ સુધી જીવંત રહી શકે છે અને સ્વાદિષ્ટ શતાવરી આપી શકે છે!"",""hi"":""क्या आपको पता है? शतावरी का पौधा 20 साल तक जीवित रह सकता है और स्वादिष्ट शतावरी दे सकता है!""}",memory,true,1
bell_pepper,"{""en"":""Bell Pepper"",""gu"":""કેપ્સિકમ"",""hi"":""शिमला मिर्च""}",,/assets/images/vegetables/bell_pepper.png,,"{""en"":""Bell Pepper! Bell peppers are crunchy and come in bright colors like red, yellow, and green."",""gu"":""કેપ્સિકમ! કેપ્સિકમ ક્રન્ચી હોય છે અને તે લાલ, પીળા અને લીલા જેવા તેજસ્વી રંગોમાં આવે છે."",""hi"":""शिमला मिर्च! शिमला मिर्च कुरकुरी होती है और यह लाल, पीले और हरे जैसे चमकीले रंगों में आती है।""}","{""en"":""Bell peppers are sweet, not spicy! They are filled with vitamin C and make salads and pizzas colorful and tasty."",""gu"":""કેપ્સિકમ મીઠા હોય છે, તીખા નહીં! તેઓ વિટામિન C થી ભરપૂર હોય છે અને સલાડ તથા પિઝાને રંગીન અને સ્વાદિષ્ટ બનાવે છે."",""hi"":""शिमला मिर्च मीठी होती है, तीखी नहीं! वे विटामिन सी से भरपूर होती हैं और सलाद व पिज्जा को रंगीन और स्वादिष्ट बनाती हैं।""}","{""en"":""Did you know? Green bell peppers are just unripe red ones! As they stay on the plant, they turn yellow and then red."",""gu"":""શું તમે જાણો છો? લીલા કેપ્સિકમ એ કાચા લાલ કેપ્સિકમ જ છે! જેમ જેમ તેઓ છોડ પર રહે છે તેમ તેમ તેઓ પીળા અને પછી લાલ થાય છે."",""hi"":""क्या आपको पता है? हरी शिमला मिर्च असल में कच्ची लाल मिर्च ही होती है! जैसे-जैसे वे पौधे पर रहती हैं, वे पीली और फिर लाल हो जाती हैं।""}",memory,true,2
broccoli,"{""en"":""Broccoli"",""gu"":""બ્રોકોલી"",""hi"":""ब्रोकोली""}",,/assets/images/vegetables/broccoli.png,,"{""en"":""Broccoli! Broccoli looks like a bundle of cute, green miniature trees."",""gu"":""બ્રોકોલી! બ્રોકોલી નાના, લીલા રંગના લઘુચિત્ર વૃક્ષોના જૂથ જેવી દેખાય છે."",""hi"":""ब्रोकोली! ब्रोकोली छोटे, हरे रंग के नन्हे पेड़ों के गुच्छे जैसी दिखती है।""}","{""en"":""Broccoli is a superfood! It is packed with nutrients that protect our bodies and keep our tummies happy."",""gu"":""બ્રોકોલી એક સુપરફૂડ છે! તે એવા પોષક તત્ત્વોથી ભરપૂર છે જે આપણા શરીરનું રક્ષણ કરે છે અને પેટને ખુશ રાખે છે."",""hi"":""ब्रोकोली एक सुपरफूड है! यह ऐसे पोषक तत्वों से भरपूर है जो हमारे शरीर की रक्षा करते हैं और पेट को स्वस्थ रखते हैं।""}","{""en"":""Did you know? The part of the broccoli we eat is actually a cluster of hundreds of tiny, unopened flower buds!"",""gu"":""શું તમે જાણો છો? બ્રોકોલીનો જે ભાગ આપણે ખાઈએ છીએ તે વાસ્તવમાં સેંકડો નાના, ન ખીલેલા ફૂલોની કળીઓનો સમૂહ છે!"",""hi"":""क्या आपको पता है? ब्रोकोली का जो हिस्सा हम खाते हैं वह वास्तव में सैकड़ों छोटे, बिना खिले फूलों की कलियों का समूह होता है!""}",memory,true,3
carrot,"{""en"":""Carrot"",""gu"":""ગાજર"",""hi"":""गाजर""}",,/assets/images/vegetables/carrot.png,,"{""en"":""Carrot! Carrots are sweet, crunchy orange roots that grow underground."",""gu"":""ગાજર! ગાજર એ જમીનની અંદર ઉગતા મીઠા, કડક અને નારંગી રંગના મૂળ છે."",""hi"":""गाजर! गाजर जमीन के नीचे उगने वाली मीठी, कुरकुरी और नारंगी रंग की जड़ें होती हैं।""}","{""en"":""Carrots are super healthy veggies. They are full of Vitamin A which is amazing for keeping your eyes healthy and strong!"",""gu"":""ગાજર ખૂબ જ સ્વસ્થ શાકભાજી છે. તેઓ વિટામિન A થી ભરપૂર છે જે તમારી આંખોને સ્વસ્થ અને મજબૂત રાખવા માટે અદ્ભુત છે!"",""hi"":""गाजर बहुत ही स्वास्थ्यवर्धक सब्ज़ी है। वे विटामिन ए से भरपूर होती हैं जो आपकी आँखों को स्वस्थ और तेज़ रखने के लिए बहुत अच्छा है!""}","{""en"":""Did you know? The first carrots grown long ago were actually purple and yellow, not orange!"",""gu"":""શું તમે જાણો છો? વર્ષો પહેલા ઉગાડવામાં આવેલા સૌપ્રથમ ગાજર વાસ્તવમાં જાંબલી અને પીળા હતા, નારંગી નહીં!"",""hi"":""क्या आपको पता है? बहुत पहले उगाए गए सबसे पहले गाजर वास्तव में बैंगनी और पीले थे, नारंगी नहीं!""}",memory,true,4
cauliflower,"{""en"":""Cauliflower"",""gu"":""ફુલાવર"",""hi"":""फूलगोभी""}",,/assets/images/vegetables/cauliflower.png,,"{""en"":""Cauliflower! Cauliflower looks like a fluffy white cloud wrapped in green leaves."",""gu"":""ફુલાવર! ફુલાવર લીલા પાંદડાઓમાં વીંટળાયેલા સફેદ વાદળ જેવું લાગે છે."",""hi"":""फूलगोभी! फूलगोभी हरे पत्तों में लिपटे एक सफेद बादल जैसी दिखती है।""}","{""en"":""Cauliflower is a cousin of broccoli. Its white head is called the curd, and it can be used to make yummy curries and even pizza crusts!"",""gu"":""ફુલાવર એ બ્રોકોલીનું પિતરાઈ ભાઈ છે. તેના સફેદ ભાગને કરડ કહેવાય છે અને તેનો ઉપયોગ સ્વાદિષ્ટ શાકભાજી બનાવવા માટે થાય છે!"",""hi"":""फूलगोभी ब्रोकोली की ही प्रजाति है। इसके सफेद हिस्से को खाया जाता है और इससे स्वादिष्ट सब्जियां बनाई जाती हैं!""}","{""en"":""Did you know? Cauliflower comes in other colors too, including purple, orange, and green!"",""gu"":""શું તમે જાણો છો? ફુલાવર અન્ય રંગોમાં પણ આવે છે, જેમાં જાંબલી, નારંગી અને લીલો સમાવેશ થાય છે!"",""hi"":""क्या आपको पता है? फूलगोभी अन्य रंगों में भी आती है, जिसमें बैंगनी, नारंगी और हरा शामिल है!""}",memory,true,5
celery,"{""en"":""Celery"",""gu"":""સેલરી"",""hi"":""अजमोद""}",,/assets/images/vegetables/celery.png,,"{""en"":""Celery! Celery has long, crisp green stalks that make a loud crunch when you bite them."",""gu"":""સેલરી! સેલરીની લાંબી, કડક લીલી ડાળીઓ હોય છે જેને ખાતી વખતે મોટો અવાજ (ક્રંચ) થાય છે."",""hi"":""अजमोद! अजमोद की लंबी, कुरकुरी हरी डंडियाँ होती हैं जिन्हें खाते समय कड़क आवाज़ आती है।""}","{""en"":""Celery is mostly made of water and is very refreshing. It is great for dipping in peanut butter or hummus for a healthy snack."",""gu"":""સેલરી મોટાભાગે પાણીથી બનેલી હોય છે અને ખૂબ જ તાજગી આપનારી છે. તે તંદુરસ્ત નાસ્તા તરીકે ખાવા માટે ઉત્તમ છે."",""hi"":""अजमोद में ज्यादातर पानी होता है और यह बहुत ताज़गी देता है। इसे स्वस्थ नाश्ते के रूप में खाया जाता है।""}","{""en"":""Did you know? In ancient times, celery was used as a medicine and to make crowns for winners of athletic games!"",""gu"":""શું તમે જાણો છો? પ્રાચીન સમયમાં, સેલરીનો ઉપયોગ દવા તરીકે અને રમતગમતના વિજેતાઓ માટે તાજ બનાવવા માટે થતો હતો!"",""hi"":""क्या आपको पता है? प्राचीन काल में, अजमोद का उपयोग दवा के रूप में और खेल विजेताओं के मुकुट बनाने के लिए किया जाता था!""}",memory,true,6
corn,"{""en"":""Corn"",""gu"":""મકાઈ"",""hi"":""मक्का""}",,/assets/images/vegetables/corn.png,,"{""en"":""Corn! Corn has sweet, juicy yellow kernels lined up on a cob."",""gu"":""મકાઈ! મકાઈના દાણા મીઠા અને રસદાર હોય છે જે લાઈનમાં ગોઠવાયેલા હોય છે."",""hi"":""मक्का! मक्के के दाने मीठे और रसदार होते हैं जो एक भुट्टे पर कतार में लगे होते हैं।""}","{""en"":""Corn can be popped into popcorn, boiled on the cob, or made into sweet corn soup. It gives us energy to run and play all day!"",""gu"":""મકાઈમાંથી પોપકોર્ન બનાવી શકાય છે, બાફી શકાય છે અથવા સ્વીટ કોર્ન સૂપ બનાવી શકાય છે. તે આપણને આખો દિવસ રમવાની શક્તિ આપે છે!"",""hi"":""मक्के से पॉपकॉर्न बनाया जा सकता है, उबाला जा सकता है या स्वीट कॉर्न सूप बनाया जा सकता है। यह हमें दिन भर खेलने की ऊर्जा देता है!""}","{""en"":""Did you know? An average ear of corn has about 800 kernels, and they are always arranged in an even number of rows!"",""gu"":""શું તમે જાણો છો? મકાઈના એક ડોડામાં લગભગ ૮૦૦ દાણા હોય છે અને તેઓ હંમેશા બેકી સંખ્યાની હરોળમાં ગોઠવાયેલા હોય છે!"",""hi"":""क्या आपको पता है? मक्के के एक भुट्टे पर लगभग 800 दाने होते हैं, और वे हमेशा सम संख्या (even number) की पंक्तियों में व्यवस्थित होते हैं!""}",memory,true,7
cucumber,"{""en"":""Cucumber"",""gu"":""કાકડી"",""hi"":""खीरा""}",,/assets/images/vegetables/cucumber.png,,"{""en"":""Cucumber! Cucumbers are cool, crisp, and perfect for a hot summer day."",""gu"":""કાકડી! કાકડી ઠંડી, કડક અને ઉનાળાના ગરમ દિવસ માટે એકદમ યોગ્ય છે."",""hi"":""खीरा! खीरा ठंडा, कुरकुरा और गर्मी के दिनों के लिए बिल्कुल सही होता है।""}","{""en"":""Cucumbers have a smooth green skin and juicy flesh. Eating cucumbers helps keep our bodies hydrated and cool."",""gu"":""કાકડીની ચામડી લીલી અને સુંવાળી હોય છે. કાકડી ખાવાથી આપણું શરીર હાઇડ્રેટેડ રહે છે અને ઠંડક મળે છે."",""hi"":""खीरे की त्वचा हरी और चिकनी होती है। खीरा खाने से हमारा शरीर हाइड्रेटेड रहता है और ठंडक मिलती है।""}","{""en"":""Did you know? Cucumbers are actually 95% water! They belong to the same family as watermelons and pumpkins."",""gu"":""શું તમે જાણો છો? કાકડીમાં ૯૫% પાણી હોય છે! તે તરબૂચ અને કોળાના જ પરિવારમાંથી આવે છે."",""hi"":""क्या आपको पता है? खीरे में 95% पानी होता है! वे तरबूज और कद्दू के ही परिवार से संबंधित हैं।""}",memory,true,8
eggplant,"{""en"":""Eggplant"",""gu"":""રીંગણ"",""hi"":""बैंगन""}",,/assets/images/vegetables/eggplant.png,,"{""en"":""Eggplant! Eggplants are glossy, deep purple veggies with a green cap."",""gu"":""રીંગણ! રીંગણ એ માથા પર લીલી ટોપી જેવું ડીંટડું ધરાવતું ચળકતું, ઘેરા જાંબલી રંગનું શાકભાજી છે."",""hi"":""बैंगन! बैंगन सिर पर हरी टोपी जैसी डंडी वाले चमकदार, गहरे बैंगनी रंग की सब्ज़ी होते हैं।""}","{""en"":""Eggplants have a soft, spongy inside that absorbs yummy flavors when cooked. They are delicious when roasted or baked!"",""gu"":""રીંગણની અંદરનો ભાગ નરમ અને સ્પોન્જી હોય છે જે રાંધતી વખતે સ્વાદ શોષી લે છે. તે શેકેલા ખૂબ જ સ્વાદિષ્ટ લાગે છે!"",""hi"":""बैंगन का अंदरूनी हिस्सा नरम और स्पंजी होता है जो पकने पर स्वाद सोख लेता है। यह भुना हुआ बहुत स्वादिष्ट लगता है!""}","{""en"":""Did you know? Eggplants got their English name because some varieties are small, white, and look exactly like chicken eggs!"",""gu"":""શું તમે જાણો છો? રીંગણને અંગ્રેજીમાં 'એગપ્લાન્ટ' કહેવાય છે કારણ કે તેની અમુક જાતો નાની, સફેદ અને મરઘીના ઇંડા જેવી દેખાય છે!"",""hi"":""क्या आपको पता है? बैंगन को अंग्रेजी में 'एगप्लांट' कहा जाता है क्योंकि इसकी कुछ किस्में छोटी, सफेद और बिल्कुल अंडे जैसी दिखती हैं!""}",memory,true,9
lettuce,"{""en"":""Lettuce"",""gu"":""લેટીસ"",""hi"":""सलाद पत्ता""}",,/assets/images/vegetables/lettuce.png,,"{""en"":""Lettuce! Lettuce has crisp green leaves that make salads fresh and crunchy."",""gu"":""લેટીસ! લેટીસ એ કડક લીલા પાંદડા છે જે સલાડને તાજું અને ક્રન્ચી બનાવે છે."",""hi"":""सलाद पत्ता! सलाद पत्ता कुरकुरे हरे पत्ते होते हैं जो सलाद को ताज़ा बनाते हैं।""}","{""en"":""Lettuce is the star ingredient of sandwiches, burgers, and salads. It is packed with water and vitamins to keep us active!"",""gu"":""લેટીસ એ સેન્ડવીચ, બર્ગર અને સલાડની મુખ્ય સામગ્રી છે. તે આપણને સક્રિય રાખવા માટે પાણી અને વિટામિન્સથી ભરપૂર છે!"",""hi"":""सलाद पत्ता सैंडविच, बर्गर और सलाद की मुख्य सामग्री है। यह हमें सक्रिय रखने के लिए पानी और विटामिन से भरपूर होता है!""}","{""en"":""Did you know? Ancient Egyptians first cultivated lettuce not for its leaves, but to produce oil from its seeds!"",""gu"":""શું તમે જાણો છો? પ્રાચીન ઇજિપ્તવાસીઓએ સૌપ્રથમ લેટીસ પાંદડા માટે નહીં, પરંતુ તેના બીજમાંથી તેલ મેળવવા માટે ઉગાડ્યું હતું!"",""hi"":""क्या आपको पता है? प्राचीन मिस्रवासियों ने सबसे पहले सलाद पत्ते को पत्तों के लिए नहीं, बल्कि उसके बीजों से तेल निकालने के लिए उगाया था!""}",memory,true,10
mushroom,"{""en"":""Mushroom"",""gu"":""મશરૂમ"",""hi"":""मशरूम""}",,/assets/images/vegetables/mushroom.png,,"{""en"":""Mushroom! Mushrooms are unique, umbrella-shaped veggies that grow in forests."",""gu"":""મશરૂમ! મશરૂમ એ જંગલોમાં ઉગતી છત્ર જેવી અનોખી શાકભાજી છે."",""hi"":""मशरूम! मशरूम छाते जैसी अनोखी सब्ज़ी होते हैं जो जंगलों में उगते हैं।""}","{""en"":""Mushrooms are fungi, not plants! They have a soft texture and add a savory, earthy flavor to soups and pizzas."",""gu"":""મશરૂમ ફૂગ છે, છોડ નથી! તેઓ નરમ હોય છે અને સૂપ તથા પિઝામાં માટીની સોડમ જેવો સ્વાદિષ્ટ સ્વાદ ઉમેરે છે."",""hi"":""मशरूम कवक (fungi) होते हैं, पौधे नहीं! वे नरम होते हैं और सूप व पिज्जा में एक स्वादिष्ट स्वाद जोड़ते हैं।""}","{""en"":""Did you know? Some mushrooms can glow in the dark! There are more than 70 species of bioluminescent mushrooms."",""gu"":""શું તમે જાણો છો? કેટલાક મશરૂમ અંધારામાં ચમકી શકે છે! બાયોલ્યુમિનેસન્ટ મશરૂમ્સની ૭૦ થી વધુ પ્રજાતિઓ છે."",""hi"":""क्या आपको पता है? कुछ मशरूम अंधेरे में चमक सकते हैं! अंधेरे में चमकने वाले मशरूम की 70 से अधिक प्रजातियाँ हैं।""}",memory,true,11
pea,"{""en"":""Pea"",""gu"":""વટાણા"",""hi"":""मटर""}",,/assets/images/vegetables/pea.png,,"{""en"":""Pea! Peas are tiny, sweet green balls that live inside a cozy pod."",""gu"":""વટાણા! વટાણા એ નાની, મીઠી લીલી ગોળીઓ છે જે સીંગ (પોડ) ની અંદર રહે છે."",""hi"":""मटर! मटर छोटे, मीठे हरे दाने होते हैं जो एक फली के अंदर रहते हैं।""}","{""en"":""We pop open the green pod to find the sweet peas. They are delicious to eat raw, boiled, or mixed in rice!"",""gu"":""આપણે વટાણા મેળવવા માટે લીલી સીંગ ખોલીએ છીએ. તેઓ કાચા, બાફેલા કે ભાતમાં મિક્સ કરીને ખાવામાં સ્વાદિષ્ટ લાગે છે!"",""hi"":""हम मटर के दाने पाने के लिए हरी फली को खोलते हैं। वे कच्चे, उबले हुए या चावल में मिलाकर खाने में स्वादिष्ट लगते हैं!""}","{""en"":""Did you know? The oldest pea ever found was about 10,000 years old, discovered in an ancient cave!"",""gu"":""શું તમે જાણો છો? અત્યાર સુધીનો સૌથી જૂનો વટાણા લગભગ ૧૦,૦0૦ વર્ષ જૂનો હતો, જે એક પ્રાચીન ગુફામાંથી મળી આવ્યો હતો!"",""hi"":""क्या आपको पता है? अब तक का सबसे पुराना मटर लगभग 10,000 साल पुराना था, जो एक प्राचीन गुफा में मिला था!""}",memory,true,12
potato,"{""en"":""Potato"",""gu"":""બટાકા"",""hi"":""आलू""}",,/assets/images/vegetables/potato.png,,"{""en"":""Potato! Potatoes are popular brown tubers that grow underground."",""gu"":""બટાકા! બટાકા એ જમીનની અંદર ઉગતા લોકપ્રિય ભૂરા રંગના કંદ છે."",""hi"":""आलू! आलू जमीन के नीचे उगने वाले लोकप्रिय भूरे रंग के कंद होते हैं।""}","{""en"":""Potatoes can be mashed, baked, or cut into crispy French fries! They are full of energy-giving carbohydrates."",""gu"":""બટાકાને મેશ કરી શકાય છે, બેક કરી શકાય છે અથવા ક્રિસ્પી ફ્રેન્ચ ફ્રાઈસ બનાવી શકાય છે! તેઓ કાર્બોહાઇડ્રેટ્સથી ભરપૂર હોય છે."",""hi"":""आलू को मैश किया जा सकता है, बेक किया जा सकता है या क्रिस्पी फ्रेंच फ्राइज़ बनाया जा सकता है! वे कार्बोहाइड्रेट से भरपूर होते हैं।""}","{""en"":""Did you know? Potatoes were the very first vegetable to be grown in outer space, aboard the Space Shuttle Columbia in 1995!"",""gu"":""શું તમે જાણો છો? ૧૯૯૫ માં સ્પેસ શટલ કોલંબિયા પર, અંતરિક્ષમાં ઉગાડવામાં આવેલી પ્રથમ શાકભાજી બટાકા હતી!"",""hi"":""क्या आपको पता है? 1995 में अंतरिक्ष यान कोलंबिया पर अंतरिक्ष में उगाई जाने वाली सबसे पहली सब्ज़ी आलू थी!""}",memory,true,13
pumpkin,"{""en"":""Pumpkin"",""gu"":""કોળું"",""hi"":""कद्दू""}",,/assets/images/vegetables/pumpkin.png,,"{""en"":""Pumpkin! Pumpkins are giant, round orange squash that grow on vines."",""gu"":""કોળું! કોળું એ વેલા પર ઉગતું એક વિશાળ, ગોળ અને નારંગી રંગનું શાકભાજી છે."",""hi"":""कद्दू! कद्दू बेल पर उगने वाली एक विशाल, गोल और नारंगी रंग की सब्ज़ी होती है।""}","{""en"":""Pumpkins have a thick shell, and inside they have seeds and sweet pulp. They are famous for pumpkin pies and Halloween carving!"",""gu"":""કોળાની છાલ જાડી હોય છે અને તેની અંદર બીજ અને મીઠો ગર્ભ હોય છે. તે પાઈ બનાવવા માટે અને હેલોવીન માટે પ્રખ્યાત છે!"",""hi"":""कद्दू का छिलका मोटा होता है और इसके अंदर बीज और मीठा गूदा होता है। यह कद्दू की पाई और हैलोवीन के लिए प्रसिद्ध है!""}","{""en"":""Did you know? The word 'pumpkin' comes from the Greek word 'pepon', which means 'large melon'!"",""gu"":""શું તમે જાણો છો? 'પમ્પકિન' શબ્દ ગ્રીક શબ્દ 'પેપોન' પરથી આવ્યો છે, જેનો અર્થ 'મોટું તળબૂચ' થાય છે!"",""hi"":""क्या आपको पता है? 'पम्पकिन' शब्द ग्रीक शब्द 'पेपोन' से आया है, जिसका अर्थ 'बड़ा तरबूज' होता है!""}",memory,true,14
tomato,"{""en"":""Tomato"",""gu"":""ટામેટાં"",""hi"":""टमाटर""}",,/assets/images/vegetables/tomato.png,,"{""en"":""Tomato! Tomatoes are red, juicy, and have tiny edible seeds inside."",""gu"":""ટામેટાં! ટામેટાં લાલ, રસદાર હોય છે અને તેની અંદર નાના ખાઈ શકાય તેવા બીજ હોય છે."",""hi"":""टमाटर! टमाटर लाल, रसदार होते हैं और उनके अंदर छोटे खाने योग्य बीज होते हैं।""}","{""en"":""Tomatoes are used in salads, ketchup, and pizza sauce. Scientifically, they are fruits, but we cook them as veggies!"",""gu"":""ટામેટાંનો ઉપયોગ સલાડ, કેચઅપ અને પિઝા સોસમાં થાય છે. વૈજ્ઞાનિક રીતે તે ફળ છે, પણ આપણે તેને શાકભાજી તરીકે રાંધીએ છીએ!"",""hi"":""टमाटर का उपयोग सलाद, केचअप और पिज्जा सॉस में किया जाता है। वैज्ञानिक रूप से वे फल हैं, लेकिन हम उन्हें सब्ज़ी की तरह पकाते हैं!""}","{""en"":""Did you know? There are thousands of varieties of tomatoes, and they can be yellow, pink, purple, and even black!"",""gu"":""શું તમે જાણો છો? ટામેટાંની હજારો જાતો છે અને તે પીળા, ગુલાબી, જાંબલી અને કાળા પણ હોઈ શકે છે!"",""hi"":""क्या आपको पता है? टमाटर की हज़ारों किस्में हैं, और वे पीले, गुलाबी, बैंगनी और काले भी हो सकते हैं!""}",memory,true,15
ginger,"{""en"":""Ginger"",""gu"":""આદુ"",""hi"":""अदरक""}",,/assets/images/vegetables/ginger.png,,"{""en"":""Ginger! Ginger is a spicy, knobby root that grows underground."",""gu"":""આદુ! આદુ એ જમીનની અંદર ઉગતું એક તીખું અને ગાંઠદાર મૂળ છે."",""hi"":""अदरक! अदरक जमीन के नीचे उगने वाली एक तीखी और गांठदार जड़ होती है।""}","{""en"":""Ginger adds a warm, spicy kick to foods and tea. It is also a wonderful medicine for soothing upset tummies and sore throats."",""gu"":""આદુ ખોરાક અને ચામાં સ્વાદિષ્ટ તીખાશ ઉમેરે છે. પેટમાં દુખાવો અને ગળાના દુખાવાને મટાડવા માટે તે એક અદ્ભુત દવા પણ છે."",""hi"":""अदरक भोजन और चाय में एक तीखा स्वाद जोड़ता है। यह पेट दर्द और गले की खराश को ठीक करने के लिए एक बेहतरीन दवा भी है।""}","{""en"":""Did you know? Ginger is a close relative of turmeric and cardamom, which are also healthy spices!"",""gu"":""શું તમે જાણો છો? આદુ એ હળદર અને એલચીનું નજીકનું સગાં છે, જે તંદુરસ્ત મસાલા છે!"",""hi"":""क्या आपको पता है? अदरक हल्दी और इलायची का करीबी रिश्तेदार है, जो स्वास्थ्यवर्धक मसाले हैं!""}",memory,true,16
onion,"{""en"":""Onion"",""gu"":""ડુંગળી"",""hi"":""प्याज""}",,/assets/images/vegetables/onion.png,,"{""en"":""Onion! Onions are round, layered veggies that add amazing flavor to food."",""gu"":""ડુંગળી! ડુંગળી એ ગોળ, સ્તરોવાળી શાકભાજી છે જે ખોરાકમાં અદ્ભુત સ્વાદ ઉમેરે છે."",""hi"":""प्याज! प्याज गोल, परतों वाली सब्ज़ी होती है जो भोजन में बेहतरीन स्वाद जोड़ती है।""}","{""en"":""Onions have a papery outer skin and many layers inside. When we chop them, they release a vapor that can make us tear up!"",""gu"":""ડુંગળીની બહાર પાતળી છાલ હોય છે અને અંદર ઘણા સ્તરો હોય છે. તેને સુધારતી વખતે તેમાંથી નીકળતી વરાળ આપણી આંખોમાં આંસુ લાવી શકે છે!"",""hi"":""प्याज़ के बाहर पतला छिलका और अंदर कई परतें होती हैं। जब हम उन्हें काटते हैं, तो वे एक गैस छोड़ते हैं जिससे आँखों में आँसू आ सकते हैं!""}","{""en"":""Did you know? Onions have been used for centuries to help heal wounds and keep colds away!"",""gu"":""શું તમે જાણો છો? ડુંગળીનો ઉપયોગ સદીઓથી ઘા રૂઝાવવા અને શરદી દૂર રાખવા માટે કરવામાં આવે છે!"",""hi"":""क्या आपको पता है? प्याज का उपयोग सदियों से घावों को ठीक करने और सर्दी-जुकाम को दूर रखने के लिए किया जाता रहा है!""}",memory,true,17
spinach,"{""en"":""Spinach"",""gu"":""પાલક"",""hi"":""पालक""}",,/assets/images/vegetables/spinach.png,,"{""en"":""Spinach! Spinach is a leafy green veggie that makes our muscles strong."",""gu"":""પાલક! પાલક એ લીલા પાંદડાવાળી શાકભાજી છે જે આપણા સ્નાયુઓને મજબૂત બનાવે છે."",""hi"":""पालक! पालक हरी पत्तेदार सब्ज़ी होती है जो हमारी मांसपेशियों को मजबूत बनाती है।""}","{""en"":""Spinach is packed with iron and vitamins. Eating spinach helps our body produce energy and keeps us healthy."",""gu"":""પાલક આયર્ન અને વિટામિન્સથી ભરપૂર હોય છે. પાલક ખાવાથી આપણું શરીર ઉર્જા મેળવે છે અને આપણને સ્વસ્થ રાખે છે."",""hi"":""पालक आयरन और विटामिन से भरपूर होता है। पालक खाने से हमारे शरीर को ऊर्जा मिलती है और हम स्वस्थ रहते हैं।""}","{""en"":""Did you know? Spinach is famous for giving the cartoon character Popeye his super strength!"",""gu"":""શું તમે જાણો છો? પાલક કાર્ટૂન કેરેક્ટર પોપાયને તેની સુપર તાકાત આપવા માટે પ્રખ્યાત છે!"",""hi"":""क्या आपको पता है? पालक कार्टून चरित्र पोपेय (Popeye) को उसकी सुपर ताकत देने के लिए प्रसिद्ध है!""}",memory,true,18
leek,"{""en"":""Leek"",""gu"":""લીલી ડુંગળી"",""hi"":""हरी प्याज""}",,/assets/images/vegetables/leek.png,,"{""en"":""Leek! Leeks look like giant green onions with a mild, sweet flavor."",""gu"":""લીક! લીક એ હળવા, મીઠા સ્વાદવાળી વિશાળ લીલી ડુંગળી જેવી દેખાય છે."",""hi"":""लीक! लीक हल्के, मीठे स्वाद वाली विशाल हरी प्याज जैसी दिखती है।""}","{""en"":""Leeks are part of the onion family. They are chopped up and cooked in soups and stews to make them extra delicious."",""gu"":""લીક એ ડુંગળી પરિવારનો એક ભાગ છે. તેને સમારીને સૂપ અને શાકમાં ઉમેરવામાં આવે છે જેથી તે વધુ સ્વાદિષ્ટ બને."",""hi"":""लीक प्याज परिवार का हिस्सा हैं। इन्हें काटकर सूप और स्ट्यू में पकाया जाता है ताकि वे स्वादिष्ट बन सकें।""}","{""en"":""Did you know? The leek is the national symbol of Wales, and people wear them on St. David's Day!"",""gu"":""શું તમે જાણો છો? લીક એ વેલ્સનું રાષ્ટ્રીય પ્રતીક છે અને લોકો સેન્ટ ડેવિડ ડે પર તેને પહેરે છે!"",""hi"":""क्या आपको पता है? लीक वेल्स का राष्ट्रीय प्रतीक है, और लोग सेंट डेविड डे पर इन्हें पहनते हैं!""}",memory,true,19
garlic,"{""en"":""Garlic"",""gu"":""લસણ"",""hi"":""लहसुन""}",,/assets/images/vegetables/garlic.png,,"{""en"":""Garlic! Garlic bulb has small white cloves with a strong, spicy scent."",""gu"":""લસણ! લસણના પિંડમાં તીવ્ર સુગંધ ધરાવતી નાની સફેદ કળીઓ હોય છે."",""hi"":""लहसुन! लहसुन में तीखी खुशबू वाली छोटी सफेद कलियाँ होती हैं।""}","{""en"":""Garlic is a superpower ingredient used in cooking all over the world. It makes food smell and taste amazing and keeps us healthy."",""gu"":""લસણ એ રસોઈમાં વપરાતી એક ઉત્તમ સામગ્રી છે. તે ખોરાકને સ્વાદિષ્ટ સુગંધ આપે છે અને આપણને સ્વસ્થ રાખે છે."",""hi"":""लहसुन खाना पकाने में इस्तेमाल होने वाली एक बेहतरीन सामग्री है। यह भोजन को स्वादिष्ट खुशबू देता है और हमें स्वस्थ रखता है।""}","{""en"":""Did you know? In old stories, garlic was believed to protect people from vampires and monsters!"",""gu"":""શું તમે જાણો છો? જૂની વાર્તાઓમાં એવું માનવામાં આવતું હતું કે લસણ લોકોને વેમ્પાયર અને રાક્ષસોથી બચાવે છે!"",""hi"":""क्या आपको पता है? पुरानी कहानियों में माना जाता था कि लहसुन लोगों को पिशाचों (vampires) से बचाता है!""}",memory,true,20
zucchini,"{""en"":""Zucchini"",""gu"":""ઝુચીની"",""hi"":""जुकिनी""}",,/assets/images/vegetables/zucchini.png,,"{""en"":""Zucchini! Zucchinis are long green squash that look like cucumbers."",""gu"":""ઝુચીની! ઝુચીની એ કાકડી જેવી દેખાતી લાંબી અને લીલી શાકભાજી છે."",""hi"":""जुकिनी! जुकिनी खीरे जैसी दिखने वाली लंबी और हरी सब्ज़ी होती है।""}","{""en"":""Zucchinis have a soft skin and mild taste. They can be sliced, roasted, or even grated into noodles called 'zoodles'!"",""gu"":""ઝુચીનીની ત્વચા નરમ અને સ્વાદ હળવો હોય છે. તેને કાપીને, શેકીને અથવા તેના નૂડલ્સ બનાવીને ખાઈ શકાય છે!"",""hi"":""जुकिनी का छिलकानराम और स्वाद हल्का होता है। इसे काटकर, भूनकर या नूडल्स बनाकर खाया जा सकता है!""}","{""en"":""Did you know? Zucchini flowers are also edible! People stuff them with cheese and fry them for a delicious treat."",""gu"":""શું તમે જાણો છો? ઝુચીનીના ફૂલો પણ ખાઈ શકાય છે! લોકો તેમાં ચીઝ ભરીને તળીને ખાય છે."",""hi"":""क्या आपको पता है? जुकिनी के फूल भी खाए जा सकते हैं! लोग उनमें पनीर भरकर तलते हैं।""}",memory,true,21
sweet_potato,"{""en"":""Sweet Potato"",""gu"":""શક્કરિયાં"",""hi"":""शकरकंद""}",,/assets/images/vegetables/sweet_potato.png,,"{""en"":""Sweet Potato! Sweet potatoes are sweet, orange tubers that grow underground."",""gu"":""શક્કરિયાં! શક્કરિયાં એ જમીનની અંદર ઉગતા મીઠા અને નારંગી રંગના કંદ છે."",""hi"":""शकरकंद! शकरकंद जमीन के नीचे उगने वाले मीठे और नारंगी रंग के कंद होते हैं।""}","{""en"":""Sweet potatoes are sweeter and have more nutrients than regular potatoes. They are delicious when baked or mashed into a sweet treat!"",""gu"":""શક્કરિયાં સામાન્ય બટાકા કરતાં વધુ મીઠા અને પોષક તત્વો ધરાવે છે. તેઓ બાફેલા ખૂબ જ ટેસ્ટી લાગે છે!"",""hi"":""शकरकंद सामान्य आलू से अधिक मीठे और पोषक तत्वों से भरपूर होते हैं। वे उबले हुए बहुत स्वादिष्ट लगते हैं!""}","{""en"":""Did you know? Despite the name, sweet potatoes are not actually potatoes; they belong to the morning glory family!"",""gu"":""શું તમે જાણો છો? નામ હોવા છતાં, શક્કરિયાં વાસ્તવમાં બટાકા નથી; તે મોર્નિંગ ગ્લોરી પરિવારમાંથી આવે છે!"",""hi"":""क्या आपको पता है? नाम के बावजूद, शकरकंद वास्तव में आलू नहीं हैं; वे एक अलग फूलदार पौधे के परिवार से हैं!""}",memory,true,22
chili,"{""en"":""Chili"",""gu"":""મરચું"",""hi"":""मिर्च""}",,/assets/images/vegetables/chili.png,,"{""en"":""Chili! Chili peppers are small, shiny, and can be very hot and spicy!"",""gu"":""મરચું! મરચાં નાના, ચળકતા હોય છે અને તે ખૂબ જ તીખા અને મસાલેદાર હોઈ શકે છે!"",""hi"":""मिर्च! मिर्च छोटी, चमकदार होती है और यह बहुत तीखी व मसालेदार हो सकती है!""}","{""en"":""Chilis come in red, green, and yellow. They contain a substance that makes them taste spicy, which adds heat to our food."",""gu"":""મરચાં લાલ, લીલા અને પીળા રંગમાં આવે છે. તેમાં એવું તત્વ હોય છે જે તેમને તીખો સ્વાદ આપે છે, જે આપણા રસોઈમાં તીખાશ ઉમેરે છે."",""hi"":""मिर्च लाल, हरी और पीली होती है। इनमें एक ऐसा तत्व होता है जो इन्हें तीखा बनाता है, जिससे हमारे भोजन में तीखापन आता है।""}","{""en"":""Did you know? Birds cannot feel the spiciness of chili peppers at all, so they love to eat them and spread the seeds!"",""gu"":""શું તમે જાણો છો? પક્ષીઓને મરચાની તીખાશ બિલકુલ લાગતી નથી, તેથી તેઓ તેને ખાવાનું અને બીજ ફેલાવવાનું પસંદ કરે છે!"",""hi"":""क्या आपको पता है? पक्षियों को मिर्च का तीखापन बिल्कुल महसूस नहीं होता, इसलिए वे इन्हें खाकर इनके बीज फैलाते हैं!""}",memory,true,23
cabbage,"{""en"":""Cabbage"",""gu"":""કોબીજ"",""hi"":""पत्तागोभी""}",,/assets/images/vegetables/cabbage.png,,"{""en"":""Cabbage! Cabbages are round veggies with tightly wrapped green or purple leaves."",""gu"":""કોબીજ! કોબીજ એ ચુસ્તપણે વીંટળાયેલા લીલા કે જાંબલી પાંદડાવાળી ગોળ શાકભાજી છે."",""hi"":""पत्तागोभी! पत्तागोभी कसकर लिपटे हरे या बैंगनी पत्तों वाली गोल सब्ज़ी होती है।""}","{""en"":""Cabbage is full of fiber and water. It is crunchy and is used to make salads, stir-fries, and soups."",""gu"":""કોબીજ ફાઈબર અને પાણીથી ભરપૂર હોય છે. તે કડક હોય છે અને સલાડ, શાકભાજી અને સૂપ બનાવવા માટે વપરાય છે."",""hi"":""पत्तागोभी फाइबर और पानी से भरपूर होती है। यह कुरकुरी होती है और सलाद, सब्ज़ी व सूप बनाने के काम आती है।""}","{""en"":""Did you know? Cabbage is one of the oldest vegetables in the world, cultivated for more than 4,000 years!"",""gu"":""શું તમે જાણો છો? કોબીજ એ દુનિયાની સૌથી જૂની શાકભાજીમાંની એક છે, જે ૪,૦૦૦ વર્ષથી વધુ સમયથી ઉગાડવામાં આવે છે!"",""hi"":""क्या आपको पता है? पत्तागोभी दुनिया की सबसे पुरानी सब्जियों में से एक है, जिसे 4,000 से अधिक वर्षों से उगाया जा रहा है!""}",memory,true,24
avocado,"{""en"":""Avocado"",""gu"":""એવોકાડો"",""hi"":""एवोकैडो""}",,/assets/images/vegetables/avocado.png,,"{""en"":""Avocado! Avocados are pear-shaped green fruits with a large seed inside."",""gu"":""એવોકાડો! એવોકાડો એ નાસપતી જેવા આકારનું લીલું ફળ છે જેની અંદર મોટું બીજ હોય છે."",""hi"":""एवोकैडो! एवोकैडो नाशपाती के आकार का हरा फल होता है जिसके अंदर एक बड़ा बीज होता है।""}","{""en"":""Avocados have a creamy, buttery flesh. They are full of healthy fats that are great for our brain and heart!"",""gu"":""એવોકાડોનો ગર્ભ ક્રીમી અને માખણ જેવો નરમ હોય છે. તે આપણા મગજ અને હૃદય માટે ઉત્તમ એવા તંદુરસ્ત ફેટથી ભરપૂર છે!"",""hi"":""एवोकैडो का गूदा मलाईदार और मक्खन जैसा होता है। यह हमारे दिमाग और दिल के लिए बहुत फायदेमंद होता है!""}","{""en"":""Did you know? Avocados are sometimes called 'alligator pears' because of their bumpy green skin!"",""gu"":""શું તમે જાણો છો? એવોકાડોને તેની લીલી અને ખરબચડી ત્વચાને કારણે કેટલીકવાર 'એલિગેટર પિઅર' પણ કહેવામાં આવે છે!"",""hi"":""क्या आपको पता है? एवोकैडो को उसकी हरी और खुरदरी त्वचा के कारण कभी-कभी 'मगरमच्छ नाशपाती' (alligator pear) भी कहा जाता है!""}",memory,true,25
beetroot,"{""en"":""Beetroot"",""gu"":""બીટ"",""hi"":""चुकंदर""}",,/assets/images/vegetables/beetroot.png,,"{""en"":""Beetroot! Beetroots are round, deep red roots that grow underground."",""gu"":""બીટ! બીટ એ જમીનની અંદર ઉગતું ગોળ અને ઘેરા લાલ રંગનું મૂળ છે."",""hi"":""चुकंदर! चुकंदर जमीन के नीचे उगने वाली गोल और गहरे लाल रंग की जड़ होती है।""}","{""en"":""Beetroots are sweet and have a vibrant color. Eating beetroots gives us energy and helps make our blood healthy!"",""gu"":""બીટ મીઠા હોય છે અને તેનો રંગ ખૂબ જ આકર્ષક હોય છે. બીટ ખાવાથી આપણને એનર્જી મળે છે અને લોહી શુદ્ધ બને છે!"",""hi"":""चुकंदर मीठा होता है और इसका रंग बहुत गहरा होता है। चुकंदर खाने से हमें ऊर्जा मिलती है और खून बढ़ता है!""}","{""en"":""Did you know? In old times, people used the dark red juice of beetroots as a natural dye for clothes and hair!"",""gu"":""શું તમે જાણો છો? જૂના જમાનામાં લોકો કપડાં અને વાળ રંગવા માટે કુદરતી રંગ તરીકે બીટના લાલ રસનો ઉપયોગ કરતા હતા!"",""hi"":""क्या आपको पता है? पुराने समय में लोग कपड़े और बाल रंगने के लिए प्राकृतिक रंग के रूप में चुकंदर के लाल रस का उपयोग करते थे!""}",memory,true,26
brussels_sprout,"{""en"":""Brussels Sprout"",""gu"":""બ્રસેલ્સ સ્પ્રાઉટ"",""hi"":""ब्रसेल्स स्प्राउट""}",,/assets/images/vegetables/brussels_sprout.png,,"{""en"":""Brussels Sprout! Brussels sprouts look like tiny, cute baby cabbages."",""gu"":""બ્રસેલ્સ સ્પ્રાઉટ! બ્રસેલ્સ સ્પ્રાઉટ નાની, ક્યુટ બેબી કોબીજ જેવી દેખાય છે."",""hi"":""ब्रसेल्स स्प्राउट! ब्रसेल्स स्प्राउट छोटी, नन्ही पत्तागोभी जैसी दिखती है।""}","{""en"":""Brussels sprouts grow in clusters along a thick stem. They are roasted or steamed to make a delicious and healthy side dish."",""gu"":""બ્રસેલ્સ સ્પ્રાઉટ એક જાડા થડ પર જૂથમાં ઊગે છે. તેને શેકીને કે બાફીને ખાવામાં આવે છે જે સ્વાસ્થ્ય માટે ખૂબ સારી છે."",""hi"":""ब्रसेल्स स्प्राउट एक मोटे तने पर गुच्छे में उगती हैं। इन्हें भूनकर या भाप में पकाकर खाया जाता है जो स्वास्थ्य के लिए बहुत अच्छी हैं।""}","{""en"":""Did you know? Brussels sprouts are named after the city of Brussels in Belgium, where they became very popular!"",""gu"":""શું તમે જાણો છો? બ્રસેલ્સ સ્પ્રાઉટ્સનું નામ બેલ્જિયમના બ્રસેલ્સ શહેર પરથી રાખવામાં આવ્યું છે, જ્યાં તે ખૂબ લોકપ્રિય બની હતી!"",""hi"":""क्या आपको पता है? ब्रसेल्स स्प्राउट्स का नाम बेल्जियम के ब्रसेल्स शहर के नाम पर रखा गया है, जहाँ वे बहुत लोकप्रिय हुई थीं!""}",memory,true,27
radish,"{""en"":""Radish"",""gu"":""મૂળો"",""hi"":""मूली""}",,/assets/images/vegetables/radish.png,,"{""en"":""Radish! Radishes are crunchy, peppery roots that grow underground."",""gu"":""મૂળો! મૂળો એ જમીનની અંદર ઉગતો એક ક્રન્ચી અને તીખો મૂળ છે."",""hi"":""मूली! मूली जमीन के नीचे उगने वाली एक कुरकुरी और तीखी जड़ होती है।""}","{""en"":""Radishes can be white, red, or purple. They are sliced into salads to add a spicy crunch and are full of water and vitamins."",""gu"":""મૂળો સફેદ, લાલ કે જાંબલી હોઈ શકે છે. તેને સલાડમાં ઉમેરવામાં આવે છે જેથી તેમાં ક્રન્ચી તીખાશ આવે, તે વિટામિન્સથી ભરપૂર છે."",""hi"":""मूली सफेद, लाल या बैंगनी हो सकती है। इसे सलाद में मिलाकर खाया जाता है जिससे उसमें कुरकुरा तीखापन आता है।""}","{""en"":""Did you know? In Mexico, there is a famous festival called the 'Night of the Radishes' where people carve radishes into beautiful sculptures!"",""gu"":""શું તમે જાણો છો? મેક્સિકોમાં 'નાઈટ ઓફ ધ રેડિશ' નામનો પ્રખ્યાત તહેવાર ઉજવાય છે જ્યાં લોકો મૂળામાંથી સુંદર શિલ્પો બનાવે છે!"",""hi"":""क्या आपको पता है? मैक्सिको में 'नाईट ऑफ द रेडिशेस' नाम का एक प्रसिद्ध त्योहार मनाया जाता है जहाँ लोग मूली को तराशकर सुंदर मूर्तियाँ बनाते हैं!""}",memory,true,28
artichoke,"{""en"":""Artichoke"",""gu"":""હાથીચક"",""hi"":""हाथीचक""}",,/assets/images/vegetables/artichoke.png,,"{""en"":""Artichoke! Artichokes look like giant green pinecones made of leaves."",""gu"":""હાથીચક! હાથીચક પાંદડાઓથી બનેલા એક મોટા લીલા પાઈનકોન જેવું લાગે છે."",""hi"":""हाथीचक! हाथीचक पत्तों से बने एक बड़े हरे पाइन कोन जैसा दिखता है।""}","{""en"":""The edible part of the artichoke is the heart at the center and the soft base of the leaves. They are delicious when steamed or grilled!"",""gu"":""હાથીચકનો ખાવાલાયક ભાગ તેની મધ્યમાં આવેલું હૃદય અને પાંદડાઓનો નીચેનો નરમ ભાગ છે. તે ગ્રીલ કરેલા ખૂબ ટેસ્ટી લાગે છે!"",""hi"":""हाथीचक का खाने योग्य हिस्सा इसके बीच का भाग और पत्तों का निचला नरम हिस्सा होता है। यह ग्रिल किया हुआ बहुत स्वादिष्ट लगता है!""}","{""en"":""Did you know? An artichoke is actually a large flower bud that belongs to the sunflower family!"",""gu"":""શું તમે જાણો છો? હાથીચક વાસ્તવમાં સૂર્યમુખી પરિવારની એક મોટી ફૂલની કળી છે!"",""hi"":""क्या आपको पता है? हाथीचक वास्तव में सूरजमुखी परिवार की एक बड़ी फूल की कली होती है!""}",memory,true,29
